id,bid,user_id,用户昵称,微博正文,头条文章url,发布位置,艾特用户,话题,转发数,评论数,点赞数,发布时间,发布工具,微博图片url,微博视频url,retweet_id,ip,user_authentication
5143689929952941,PikzCFLdj,2672926347,lyman2003,西方网友在为中国的自动驾驶无人车震撼西方已经停滞了30年，跟30年前的“北京人在纽约”时没什么两样，我还记得当年看这个电视剧时对纽约的震撼现在我对西方已经从仰视变成了俯视，这就是30年来中国的发展速度#烽火问鼎计划#,,,,烽火问鼎计划,15,29,339,2025-03-13 10:58,一加 Ace 2,,"http://f.video.weibocdn.com/o0/oYeT38fvlx08mDBx2c9i01041200D0ws0E010.mp4?label=mp4_720p&template=720x720.24.0&ori=0&ps=1BVp4ysnknHVZu&Expires=1742723656&ssig=Wn0l6jmCqj&KID=unistore,video",,湖北,金V
5143802285920755,PinuQoQg3,2323195050,Blood旌旗,华为新款问界M9将在20号发布，不仅订单量远超预期，还可能是第一款面向自动驾驶的家用车其他很多品牌连基础的城区NOA都没做好，居然也敢吹「L3自动驾驶的架构」，谁给你的勇气？LBlood旌旗的微博视频,,,,,27,229,1260,2025-03-13 18:24,微博视频号,,"http://f.video.weibocdn.com/u0/x2VZK6r4gx08mE6ja0h201041201YpZt0E010.mp4?label=mp4_720p&template=720x1280.24.0&ori=0&ps=1BVp4ysnknHVZu&Expires=1742723656&ssig=6JLtopC4jk&KID=unistore,video",,广东,金V
5143667673926282,PijZJgtp8,6406826296,影总Tim,理想端到端1000wclips模型已经进入超级对齐阶段，迭代和发版速度非常快，每天上车都开到新模型会成为我们几个早鸟车主接下来一段时间的日常。所以接下来我会使用一条固定的测试路线，这条路线包括上下闸道，可变车道，环岛和调头等场景。尽量第一时间产出视频内容，更加直观的让大家看到每一个版本的变化。那么废话不多说，今天先为大家带来10.15.8-310的视频。车位到车位，40分钟路程，0接管，一镜到底。#影总聊智驾##理想次世代端到端智能驾驶##大v聊车#L影总Tim的微博视频,,,,"影总聊智驾,理想次世代端到端智能驾驶,大v聊车",286,257,475,2025-03-13 09:30,微博视频号,,"http://f.video.weibocdn.com/o0/tUe8vdjXlx08mD4Hs7t60104120eOLsN0E060.mp4?label=mp4_720p&template=1280x720.25.0&ori=0&ps=1BVp4ysnknHVZu&Expires=1742723656&ssig=ZyYpe%2FFPr0&KID=unistore,video",,浙江,金V
5143750470271090,Pim9h18wq,2963774131,数码科技大爆炸VVV,央视新闻展示L3级别自动驾驶……L数码科技大爆炸VVV的微博视频,,,,,11,16,95,2025-03-13 14:59,快乐星球永久居民,,"http://f.video.weibocdn.com/u0/NLLTRoysgx08mDQBUNwQ01041201cJ2F0E010.mp4?label=mp4_720p&template=720x960.24.0&ori=0&ps=1BVp4ysnknHVZu&Expires=1742723656&ssig=MMAgtAp%2FmU&KID=unistore,video",,广东,金V
5143876672950086,PipqPcns2,2094451373,天天越野跑,特斯拉FSD，过分了啊，你个第三阵营的智驾，在大雨大雾的夜晚的山路上开这么溜你让第一阵营的其他品牌怎么发挥你让那些吹激光雷达的骗子们脸往里放#自动驾驶##智能辅助驾驶#特斯拉超话L天天越野跑的微博视频,,,,"自动驾驶,智能辅助驾驶",11,54,140,2025-03-13 23:20,特斯拉超话,,"http://f.video.weibocdn.com/o0/ZvDLxpUAlx08mEqBM8xG01041200owI60E010.mp4?label=mp4_hd&template=960x464.25.0&ori=0&ps=1BVp4ysnknHVZu&Expires=1742723656&ssig=qj%2BNHZol9J&KID=unistore,video",,美国,普通用户
5143697022520471,PikL4azGL,2880620770,梦想家陈轶亮,#极氪007GT全新内饰曝光#来吧，展示！我都忘记之前还看过极氪007GT的真车了，当时两个宇树机器人坐在车里，在第二排还坐了一只机器狗，超级有未来感！其实以后的自动驾驶也分两种，一种是机器人驾驶，一种是车辆自己驾驶，如果你的机器人能够满足L3驾驶的等级，老车也可以变成自动驾驶的车今天官方也曝光出一组极氪007GT内饰的图，感觉甲板那里有一点极氪MIX的设计语言，然后第二排也是无边框车门，包括中控屏下方，用了极氪7X同款的物理按键，感觉还不错呢…,,,,极氪007GT全新内饰曝光,4,8,36,2025-03-13 11:26,三星Galaxy S25 Ultra,"https://wx2.sinaimg.cn/large/abb2c8e2gy1hzf6fj65kwj23341fc4qp.jpg,https://wx3.sinaimg.cn/large/abb2c8e2gy1hzf6fk7bshj23341fchdt.jpg,https://wx2.sinaimg.cn/large/abb2c8e2gy1hzf6fl140jj23341fcb29.jpg,https://wx2.sinaimg.cn/large/abb2c8e2gy1hzf6flru59j23341fc4qp.jpg,https://wx4.sinaimg.cn/large/abb2c8e2gy1hzf6fnzlh8j23341qkqv5.jpg,https://wx2.sinaimg.cn/large/abb2c8e2gy1hzf6fozqcaj23341qke81.jpg,https://wx4.sinaimg.cn/large/abb2c8e2ly1hzf6ke3d06j20j60asn2a.jpg,https://wx3.sinaimg.cn/large/abb2c8e2ly1hzf6khi93yj20j60as43k.jpg,https://wx3.sinaimg.cn/large/abb2c8e2ly1hzf6kmy2jdj20j60as78v.jpg",,,浙江,金V
5143685436279221,PiksnqlvL,7776886852,XP-李力耘,昨天回到母校，以自动驾驶从业者的视角，和学弟学妹们聊了聊AI汽车、基座模型、强化学习这些热点内容。很开心看到年轻的同学们，对physicalAI的热情畅想。当前小鹏的基座模型已经初见成效，也打个广告，我们持续招兵买马中，期待更多怀抱AI理想、敢于挑战L4级无人驾驶的青年加入，一起定义下一个十年附投递链接:O网页链接,,,,,6,13,74,2025-03-13 10:40,微博网页版,"https://wx3.sinaimg.cn/large/008uj1wUgy1hzf4z797kgj34mo334kjp.jpg,https://wx2.sinaimg.cn/large/008uj1wUgy1hzf4yvs7gdj30qo193goq.jpg",,,广东,黄V
5143780915155968,PimWnlDiM,2062985282,大懒货,【技术向】研究快览理想汽车3月12日发的关于【世界模型】仿真方向的研究❗【火热出炉】❗其他车辆轨迹同样重要：驾驶世界模型在视频潜在空间中统一自车与其他车辆轨迹OtherVehicleTrajectoriesAreAlsoNeeded:ADrivingWorldModelUnifiesEgo-OtherVehicleTrajectoriesinVideoLatantSpace@本诺__起床看文献啦⭐研究背景⭐：传统的端到端自动驾驶驾驶场景表现出了非常好的成绩，但是对于长尾场景仍然存在很大的挑战。而且使用传统端到端技术去模拟处理成本非常高。因此需要使用可以根据历史观测和未来驾驶动作预测未来驾驶场景的【世界模型】去处理这些传统端到端技术较难处理的长尾场景。而传统的世界模型主要关注自车的轨迹，将轨迹描述成BEV【鸟瞰图】空间中的一系列的点，并将这个点的信息作为视频生成的条件：该方法存在三个主要缺点：1️⃣：只考虑自车的轨迹，使得在生成的视频中其他车辆不可控2️⃣：模型无法真实地模拟自车与驾驶场景之间的交互，也无法通过改变其他车辆的轨迹来生成多样化的新场景3️⃣：基于BEV空间中轨迹点的编码分布与视觉模态下视频潜在特征的分布有很大差异，且没有对齐它们的特征空间为了解决这些问题❓：本研究提出了一种在视频中统一自车和其他车辆轨迹的驾驶世界模型EOT-WM简单来说⭐：1️⃣：舍弃了通过使用BEV空间的坐标点来表示轨迹，而是将这些点直接投影在图像坐标中，并在单独的空白视频中绘制自车轨迹和其他车辆轨迹，以生成用于在统一视觉模态下学习的轨迹视频。2️⃣：采用时空变分自编码器（STVAE）对场景视频和轨迹视频进行编码，以获得共享特征空间的场景视频潜在特征和轨迹潜在特征；3️⃣：通过这种方式获得的场景和轨迹潜在特征在时间和空间上对齐，以实现有效控制；4️⃣：设计了轨迹注入扩散变换器（TiDiT），将轨迹潜在特征提供的运动引导信息集成到视频潜在特征中，以便更精确地对有噪声的视频潜在特征进行去噪；我非常感兴趣的一点可以看图2和图5中，这里用到了大语言模型LLM，通过提词的方式用文本和轨迹双重预估控制的方式提高世界模型生成视频的预测性。【也就是说，这个EOT-WM】一方面具备了传统世界模型对于长尾场景预测性较高的特点；另一方面让世界模型在预测的过程中，能对齐语义信息，从而提升世界模型对于复杂真实世界语言信息的理解能力真火热出炉，感谢@大雁jassy给我发的链接：原文链接如下：O网页链接#懒博小课堂##理想l9##大v聊车#,,,"本诺__,大雁jassy","懒博小课堂,理想l9,大v聊车",6,6,32,2025-03-13 17:00,微博网页版,"https://wx3.sinaimg.cn/large/7af6a842ly1hzfb0do2y1j20v10ukb29.jpg,https://wx2.sinaimg.cn/large/7af6a842ly1hzfb0et404j21420bwwna.jpg,https://wx4.sinaimg.cn/large/7af6a842ly1hzfb0hs26oj21321281eg.jpg,https://wx2.sinaimg.cn/large/7af6a842ly1hzfb0gjrtkj21680h2dr6.jpg,https://wx3.sinaimg.cn/large/7af6a842ly1hzfb0gk79lj20y00qc17q.jpg",,,浙江,红V
5143718966856316,PilkssLDK,5888499702,小特叔叔,群里捡的。这就是国内智驾跟FSD基础能力的差距，上车没几分钟你就能get。L小特叔叔的微博视频,,,,,28,76,277,2025-03-13 12:53,微博视频号,,"http://f.video.weibocdn.com/o0/N5S9tsAilx08mDJwHkCY01041200eUI60E010.mp4?label=mp4_720p&template=592x1280.24.0&ori=0&ps=1BVp4ysnknHVZu&Expires=1742723656&ssig=ozUPfPw4Bt&KID=unistore,video",,上海,金V
5143721985444831,PilpkmQrR,5881975508,类星频道,「这个场景很难理解的，超级难理解。」「这还需要理解吗？！」这段很好地展现了特斯拉FSD的基础能力，你都不知道智驾可以有多接近人，直到开了FSD。华为一瞬间有提前绕行的意图，但后面不知道为啥路线又变直行了。L类星频道的微博视频,,,,,12,32,110,2025-03-13 13:05,微博视频号,,"http://f.video.weibocdn.com/o0/eQ3yZHFelx08mDKyzUFa01041200jpyM0E010.mp4?label=mp4_720p&template=720x732.24.0&ori=0&ps=1BVp4ysnknHVZu&Expires=1742723656&ssig=1TE%2FhE1AtL&KID=unistore,video",,上海,金V
5143838906651443,PiorUrUll,1687813073,李建秋的世界,#特斯拉与百度合作#开源圣人现在这样了？逼格都没有了。，上个月马前卒还写了：“特斯拉自动驾驶来了，中国智驾还有胜算吗?”,,,,特斯拉与百度合作,20,98,1617,2025-03-13 20:50,微博网页版,https://wx3.sinaimg.cn/large/6499fbd1gy1hzfmsl7qrfj20fz0n579g.jpg,,,湖北,金V
5143868735752744,Pipe1o8yc,1277274355,臧智渊,最近每天都开300+，SU7Ultra长途也很拉风，但是座椅还是略硬，希望改款能带上十六点按摩啊。图2黄色是京雄高速的自动驾驶测试车道。#臧智渊的小米su7ultra#,,,,臧智渊的小米su7ultra,2,39,173,2025-03-13 22:48,,"https://wx4.sinaimg.cn/large/4c21a8f3ly1hzfq6fzw4yj210o1bsag1.jpg,https://wx1.sinaimg.cn/large/4c21a8f3ly1hzfq9cd0uoj24eo3b0kjm.jpg",,,北京,金V
5143750671600685,Pim9B6Ipv,6424348337,阿哲科技说,来参加一个高校的会议，讲到自动驾驶方面，安徽大学一个教授举例说他们同事买了华为问界，智驾非常安全非常方便,,威海·哈尔滨工业大学(威海校区),,,1,66,96,2025-03-13 14:59,,https://wx4.sinaimg.cn/large/0070LUtzly1hzfcpf9pgcj30tf12ajwv.jpg,,,山东,金V
5143827658311323,Pio9LyS9B,3097378697,ZEALER,【#特斯拉与百度合作#】3月13日，特斯拉正在与百度合作，旨在提升其在中国市场的高级驾驶辅助系统性能。但截止发稿前，特斯拉和百度方面均未对此作出回应。据过往报道，今年2月，特斯拉中国宣布，推出城市道路Autopilot自动辅助驾驶功能，此举被外界视为FSD功能正式进入中国市场。(路透),,,,特斯拉与百度合作,2,22,94,2025-03-13 20:05,微博网页版,https://wx1.sinaimg.cn/large/003nChGVgy1hzflk3y289j60v10is14g02.jpg,,,,蓝V
5143750843566388,Pim9SeXMo,1847582585,都市快报,#杭州桐庐试运行自动驾驶公交#近日，杭州桐庐的自动驾驶公交车投入试运行，该车可自动避障、识别路况信息。据介绍，该自动驾驶公交车具备L4级别的自动驾驶技术，车上配备有毫米波雷达，可以感知到车身周围以往驾驶员观察不到的位置。当跑完1000公里测试路程后，该公交车就将正式运营。L都市快报的微博视频,,杭州,,杭州桐庐试运行自动驾驶公交,6,5,19,2025-03-13 15:00,微博视频号,,"http://f.video.weibocdn.com/o0/UlYKfPp1lx08mDSgVKfS01041200d07o0E010.mp4?label=mp4_720p&template=720x1280.24.0&ori=0&ps=1BVp4ysnknHVZu&Expires=1742723856&ssig=TnTV0VW1ef&KID=unistore,video",,,普通用户
5143791598045102,PindBxKTI,1961594843,杭州微博城事,【#杭州公交车都开始自动驾驶了##赛博杭州是真赛博#】近日，杭州桐庐的自动驾驶公交车投入试运行，该车可自动避障、识别路况信息。据介绍，该自动驾驶公交车具备L4级别的自动驾驶技术，车上配备有毫米波雷达，可以感知到车身周围以往驾驶员观察不到的位置。当跑完1000公里测试路程后，该公交车就将正式运营。对此你想说？@都市快报L都市快报的微博视频,,,都市快报,"杭州公交车都开始自动驾驶了,赛博杭州是真赛博",4,6,9,2025-03-13 17:42,微博视频号,,"http://f.video.weibocdn.com/o0/UlYKfPp1lx08mDSgVKfS01041200d07o0E010.mp4?label=mp4_720p&template=720x1280.24.0&ori=0&ps=1BVp4ysnknHVZu&Expires=1742723856&ssig=TnTV0VW1ef&KID=unistore,video",,浙江,红V
5143784699988766,Pin2tFUx8,2094451373,天天越野跑,第三阵营的特斯拉FSD一个多小时的城区和高速居然零干预，第一阵营的天团想必更厉害吧特斯拉超话#智能辅助驾驶##自动驾驶#L天天越野跑的微博视频,,,,"智能辅助驾驶,自动驾驶",3,3,23,2025-03-13 17:15,特斯拉超话,,"http://f.video.weibocdn.com/o0/VSW6mnkSlx08mE1uK9wQ0104120chNlF0E050.mp4?label=mp4_720p&template=1276x720.25.0&ori=0&ps=1BVp4ysnknHVZu&Expires=1742723856&ssig=%2FgU%2B8agQUl&KID=unistore,video",,美国,普通用户
5143651718532598,PijzZzNIy,6001853980,Gemini-迷你,HUAWEI，自动驾驶中，有点意思#问界m7##大v聊车##我与汽车的日常#,,,,"问界m7,大v聊车,我与汽车的日常",1,22,33,2025-03-13 08:26,iPhone 16 Pro,"https://wx4.sinaimg.cn/large/006ybaosgy1hzf1buq7grj33402c0u0x.jpg,https://wx4.sinaimg.cn/large/006ybaosgy1hzf1bwa1koj33402c04qq.jpg,https://wx2.sinaimg.cn/large/006ybaosgy1hzf1btopiuj33402c0b2a.jpg",,,江苏,红V
5143702953003519,PikUDcBlR,1715845153,ibuick,宝马公开了NeueKlasse部分技术细节，首先就是新一代智能电子电气架构。由四个“大脑”组成。分别控制车辆某一部分功能。提高集成度，缩短通信链路，大幅度降低延迟，整车线束长度降低了600米，减重30%。四个大脑分别是全景iDrive超级大脑，负责视平线全景显示和向心中控所有功能。自动驾驶超级大脑，算力提升20倍，负责高阶驾驶功能。车辆控制超级大脑，控制车辆上全部舒适功能和基础功能。驾控超级大脑，负责动力系统和驾驶动态融合。我最关注的就是这个全新的驾控超级大脑“HeartofJoy”快乐之心。它是纯粹驾驶乐趣的具像化。通过将动力系统、传动系统控制和车辆动态控制（VD）整合在一起，可以提供比以往更加精准的驾驶体验。通过对整车动力系统和动态建模，可以准确快速获得当前车辆姿态并快速匹配相应的动力输出。让驾驶更加随心所欲。#智能驾趣宝马新世代#,,,,智能驾趣宝马新世代,5,4,19,2025-03-13 11:50,iPhone 14 Pro Max,"https://wx2.sinaimg.cn/large/6645b821ly1hzf78cyl55j213v0mftn2.jpg,https://wx2.sinaimg.cn/large/6645b821ly1hzf78bln15j21kc0vpncu.jpg,https://wx1.sinaimg.cn/large/6645b821ly1hzf78fzlc3j22bc1awaxi.jpg,https://wx4.sinaimg.cn/large/6645b821ly1hzf78iy4g1j21ws19uk8b.jpg",,,北京,金V
5143829938703827,PiodrAwgj,6217389391,陆小路同学,我认为小鹏G6的换代堪称“科技平权教科书”——全系标配车位到车位智驾，上车自动规划路线，下车自主完成泊车，全程零接管，连新手司机都能秒变“老司机”。搭载的图灵AI智驾系统，用纯视觉方案实现高速/城区领航辅助，硬刚特斯拉FSD也不虚。更狠的是年内将上线园区智驾漫游，从小区到停车场最后100米全自动，连找车位都能交给AI。#全新小鹏G6从未见过如此换代##小鹏G6价格#在20万级市场，G6直接把800V高压平台和5C超充焊成标配，CLTC续航725km+百公里电耗12.5kWh，充电10分钟补能300公里，比油车加油还快。为什么#何小鹏说G6是与十万用户共创的车#？从新增星暮紫/云贝米配色到取消轮眉黑饰条，从流媒体后视镜到星河律动氛围灯，每一个细节都源于用户吐槽。而且十万车主反馈催生的“浮鲸仿生底盘”，用液压回弹减震+太极衬套矩阵，过减速带比德系车还柔顺；中欧团队联合调校的刹车系统，让6秒级加速的推背感也能稳如老狗。这哪是改款啊？分明是十万用户集体脑暴的“共创神车”！,,,,"全新小鹏G6从未见过如此换代,小鹏G6价格,何小鹏说G6是与十万用户共创的车",30,33,101,2025-03-13 20:14,,"https://wx2.sinaimg.cn/large/006MLx03ly1hzfltj8mnyj30u012kwjv.jpg,https://wx3.sinaimg.cn/large/006MLx03ly1hzfltjw4zyj31040irq7w.jpg,https://wx2.sinaimg.cn/large/006MLx03ly1hzfltkbr2vj31bf0qojwm.jpg",,,山东,红V
5143752796801246,Pimd1sxjw,2772978773,GeeK老王,北京南站惊现无人自动驾驶接送站服务，越来越科技化了,,,,,18,24,38,2025-03-13 15:08,,"https://wx4.sinaimg.cn/large/a5484c55ly1hzfcstgzmuj20i30c0tf5.jpg,https://wx2.sinaimg.cn/large/a5484c55ly1hzfcst9thmj20i40c0jy4.jpg,https://wx4.sinaimg.cn/large/a5484c55ly1hzfcstotcqj20i60dg796.jpg",,,北京,金V
5143684824959950,PikrokOjc,1793972723,超爱玩的Da海-Li,#为啥量产车也要频繁刷赛道#当量产车开始批量攻占赛道榜单，本质上暴露的是电动时代特有的「技术军备焦虑」。三电系统的模块化让零百加速成了白菜价配置，但真正的机械素养反而成了稀缺品——赛道成绩本质上是在给用户建立新的价值标尺：用沥青路面上具象化的秒数，量化那些藏在参数表里的「底盘调校」「热管理」「扭矩分配」究竟值多少钱。说白了，这是车企在智能座舱和自动驾驶之外，重新争夺「驾驶价值」定义权的暗战。有趣的是，赛道营销正在成为电动时代的「新鄙视链」：堆激光雷达的看不起纯视觉，跑纽北的瞧不上刷浙赛的，原厂下赛道的又鄙视改装车刷圈。这种内卷背后是残酷的现实——当续航和智驾逐渐趋同，性能操控成了为数不多能建立技术壁垒的领域。领克Z10这类背靠赛事基因的选手，本质上是在用赛道成绩给消费者植入「性能安全冗余」的心理暗示：能在宁波赛道2分04秒不刹车过热的车，应付地库斜坡和高速匝道自然游刃有余。但需要警惕的是，赛道神话和日常体验之间往往隔着工程团队的魔法。就像手机跑分不能完全代表用户体验，如何在极限性能和耐用性之间找到平衡点，才是真正考验车企功力的地方。毕竟没有消费者会天天劈弯，但每个人都需要一套在暴雨天依旧可靠的ESP系统。当车企们忙着在赛道上贴飞行圈时，或许更该思考：这些用胎烟换来的数据，究竟有多少能转化成用户方向盘上的真实笑容？,,,,为啥量产车也要频繁刷赛道,0,3,16,2025-03-13 10:38,Xiaomi MIX Fold 4,"https://wx3.sinaimg.cn/large/6aedd9f3ly1hzf54x9m1rj20vf0juadg.jpg,https://wx1.sinaimg.cn/large/6aedd9f3ly1hzf54xwhgnj20pi0g4tap.jpg,https://wx4.sinaimg.cn/large/6aedd9f3ly1hzf54yemuwj20np0eytam.jpg,https://wx4.sinaimg.cn/large/6aedd9f3ly1hzf55hnz61j20u01sygrs.jpg,https://wx1.sinaimg.cn/large/6aedd9f3ly1hzf55hzlndj20u01sytgx.jpg,https://wx2.sinaimg.cn/large/6aedd9f3ly1hzf55iec64j20u01syjxx.jpg",,,北京,黄V
5143729628250431,PilBEyCjt,7779438701,Xauto报告,新款问界M9上市定档3月13日，官方宣称问界M9将于本月20日上市，预售47.8万起。车身尺寸方面，长宽高分别为5230*1999*1800毫米，轴距3110毫米，定位大型SUV，提供五座和六座两种布局。智能驾驶，车顶配备华为自研的192线激光雷达，前翼子板处有侧视摄像头，同时还配备尊界S800同款三固态激光雷达，硬件规格达到L3级自动驾驶需求，同时主动安全能力再提升。动力方面，增程版换装了型号为HG15T的1.5T发动机。官方将为问界M9现款车型车主提供可选的原厂硬件升级方案，同时，现款将持续OTA升级软件特性，做到“常用常新”。#汽场全开##问界m9##新款问界M9预售价47.8万起#,,,,"汽场全开,问界m9,新款问界M9预售价47.8万起",0,1,18,2025-03-13 13:36,微博网页版,"https://wx4.sinaimg.cn/large/008utJnLly1hzfaapgfrij30u013ztdl.jpg,https://wx4.sinaimg.cn/large/008utJnLly1hzfaarup21j30zd0neau0.jpg",,,河北,红V
5143795395202594,PinjJlPqO,1926909715,第一财经日报,#特斯拉辅助驾驶与百度合作##特斯拉与百度合作改善在华辅助驾驶#【特斯拉正与百度合作，以改善其在中国的辅助驾驶系统的性能】据外媒报道，特斯拉正与百度合作，以改善其在中国的辅助驾驶系统的性能。百度集团美股盘前涨超4%。,,,,"特斯拉辅助驾驶与百度合作,特斯拉与百度合作改善在华辅助驾驶",2,11,75,2025-03-13 17:57,微博网页版,https://wx3.sinaimg.cn/large/0026p7eXgy1hzfi19yww5j60rs0rstes02.jpg,,,,普通用户
5143675228128539,PikbUy6Bt,7006372128,詹志斌同学,「易三方」黑科技加持，零百加速3秒级！还有蟹行模式、圆规掉头！独家对话腾势赵长江：揭秘赵总眼中的腾势N9，它能否成为50万级豪华SUV新标杆？#车评精选##50万级最好的SUV##腾势N9#L詹志斌同学的微博视频,,,,"车评精选,50万级最好的SUV,腾势N9",1776,1259,1160,2025-03-13 10:00,微博视频号,,"http://f.video.weibocdn.com/u0/TsNGtfCKgx08mCK3K5aE01041209COaE0E040.mp4?label=mp4_720p&template=1280x720.25.0&ori=0&ps=1BVp4ysnknHVZu&Expires=1742724064&ssig=SJVPC2rnA4&KID=unistore,video",,广东,金V
5143828730740844,Piobv36J6,2638158492,赢哥说车,泰酷辣！地平线HSD的HMI渲染像乐高#地平线##特斯拉fsd#L赢哥说车的微博视频,,,,"地平线,特斯拉 fsd",151,152,241,2025-03-13 20:09,微博视频号,,"http://f.video.weibocdn.com/u0/s3v9MVh7gx08mEdwD3hm01041200wk1I0E010.mp4?label=mp4_720p&template=1280x720.25.0&ori=0&ps=1BVp4ysnknHVZu&Expires=1742724064&ssig=ZwRl%2BznSb4&KID=unistore,video",,安徽,普通用户
5143675224198516,PikbUhCe0,1801122223,野生11,腾势N9，预售45-55万空间咋说呢，一台车有好几张床～用上了天神之眼的智驾那咱必须第一时间安排！你们看看这表现行吗？#腾势N9##车评精选#L野生11的微博视频,,,,"腾势N9,车评精选",899,878,1989,2025-03-13 10:00,微博视频号,,"http://f.video.weibocdn.com/o0/ax7qmeoClx08mCJBgiCs0104120ac8oM0E040.mp4?label=mp4_720p&template=1280x720.25.0&ori=0&ps=1BVp4ysnknHVZu&Expires=1742724064&ssig=KdVB3s%2FqbT&KID=unistore,video",,,金V
5143766647178958,Pimzmu7zE,3163705834,肉肉爸比ev,无人自动驾驶车辆开在路上，是不是一定会开的很慢？体验是不是不会很好？我揣着这样的疑问坐了两次在南沙坐了小马，因为之前有一次的体验实在糟糕，我把在南沙晚高峰时段，跟昌老司一块坐小马智行的视频一刀未剪发出来视频可以看到*小马自动驾驶在车流中穿梭的速度并不亚于其它车辆*虽然是采图逻辑，但是有通用能力兜底，能够应对非常多的复杂场景*除了高架上对VRU的两次短促刹车，全程没有误刹*极致流畅的主辅路切换，掉头体验*SR没有显示，但是机非混行，绕行路边临停自行车非常迅速*唯一比较费解的场景是在3分钟左右非要往右变道的决策L4的最大不一样就是系统全盘应对一切，乘客坐在后排，想干嘛就干嘛，而目前我认为能让用户在后排安心坐着，甚至睡觉的无人驾驶，只有小马智行，另一家就不说了，小马这套智驾的硬件配置是4颗Orin-X加上7颗速腾聚创的激光雷达有时间我会把广州塔-广州南的视频剪一下，高速对于L4来说会更加难，长尾场景的风险更大视频剪的有点慢，主要是电脑配置有限，M3Max64g剪这条视频感觉超负荷了看完视频可以说下对小马晚高峰表现有什么看法，目前在北上广深可以体验到小马#新能源汽车#L肉肉爸比ev的微博视频,,,,新能源汽车,10,17,52,2025-03-13 16:03,微博视频号,,"http://f.video.weibocdn.com/u0/TjGcR4eXgx08mDWAFqRq01041209oyVf0E040.mp4?label=mp4_720p&template=1280x720.25.0&ori=0&ps=1BVp4ysnknHVZu&Expires=1742724064&ssig=IpMktg9SS%2B&KID=unistore,video",,广东,红V
5143832174266066,Pioh3hTNw,3871787031,辣妹评车,地平线HSD率先攻克掉头难题#地平线##特斯拉fsd#L辣妹评车的微博视频,,,,"地平线,特斯拉 fsd",142,191,227,2025-03-13 20:23,微博视频号,,"http://f.video.weibocdn.com/u0/a48vSBpFgx08mEesVj1e01041200tCnb0E010.mp4?label=mp4_720p&template=1280x720.25.0&ori=0&ps=1BVp4ysnknHVZu&Expires=1742724064&ssig=rdC4wtp4%2BN&KID=unistore,video",,安徽,黄V
5143678813998292,PikhHgM8A,3246612795,水雾同学_DrEV,"#何小鹏称业内G6同等配置的车都超20万#何小鹏说：""市面上和G6配置差不多的电动车，价格都要20万以上！""这话明显在给今晚要发布的新款G6价格做铺垫。重点来了：1.现款G6现在卖20万，新款虽然叫""2025款""，但相当于全面大换血。2.充电黑科技：5分钟充电能跑200公里（和手机快充一样猛）。3.智能驾驶大升级：不用激光雷达也能精准识别路况，自动泊车更聪明。4.车机系统变超强大脑：语音助手像真人聊天，导航反应更快。5.底盘调教优化：过减速带终于不颠屁股了。最关键的还是价格！小鹏强调""别人家卖更贵""，暗示新款价格加量不加价。今晚价格要是能卡在20万左右，估计要卖爆。想买电动SUV的可以蹲今晚发布会，看看这波升级到底值不值。L新浪汽车的微博视频新浪汽车的微博视频#汽场全开#",,,,"何小鹏称业内G6同等配置的车都超20万,汽场全开",7,70,176,2025-03-13 10:14,微博视频号,,"http://f.video.weibocdn.com/o0/V1nmXeEjlx08mDsPH9Ek01041200BzZs0E010.mp4?label=mp4_720p&template=960x544.25.0&ori=0&ps=1BVp4ysnknHVZu&Expires=1742724064&ssig=PNk214Y9qV&KID=unistore,video",,上海,红V
5143829981172066,Piodw4UUi,2528076083,科技小剑,地平线HSD比我这个老司机开得还好！#地平线##特斯拉fsd#L科技小剑的微博视频,,,,"地平线,特斯拉 fsd",146,190,228,2025-03-13 20:14,微博视频号,,"http://f.video.weibocdn.com/u0/zn6aJ2x6gx08mEdROb4Y01041200KnzY0E010.mp4?label=mp4_720p&template=1280x720.25.0&ori=0&ps=1BVp4ysnknHVZu&Expires=1742724281&ssig=1omSSDDuLt&KID=unistore,video",,安徽,普通用户
5143822695662156,Pio1LnKZ6,5124470749,不是郑小康,何小鹏谈XNGP：我们在中国第一个上高精地图，第一个上激光雷达，又第一个下了高精地图，第一个下了激光雷达。,,,,,17,118,418,2025-03-13 19:46,HUAWEI Pura 70 Pro+,,,,广东,金V
5143662281099249,PijR24BXP,1848169880,黄建平J,川马之乱，也不用太担心，最多蹦跶2年，2年后中期选举，川普大概率会失去众议院，成为光杆。以前我不理解为什么比尔盖茨做空特斯拉，现在理解了，以特斯拉的盈利能力，考虑到中国电动车强劲的竞争力，最多给特斯拉20倍PE，相当于2000亿美元市值，其它什么自动驾驶、机器人也不会是独家，最多再加1000亿美元估值，也就是3000亿美元，也就是80美元每股目标价。昨天华尔街投行给特斯拉目标价120元，还算客气。,,,,,22,17,213,2025-03-13 09:08,iPhone 13 Pro Max,,,,上海,普通用户
5143671762585209,Pik6kaQwV,1732720567,蟹堡王强力杀虫剂,最近看了特斯拉FSD与华为ADS小鹏蔚来理想等一众国产车企自动驾驶能力的对比，结论非常简单：特斯拉至少领先一代，与国产那样充满条条框框的非学习型智驾差距巨大。简单总结，FSD开得就像有血有肉的人，有路就能开，出丁字路口会先停下来左右看，非常礼让行人和非机动车，全程无比丝滑，但在保证安全的前提下会压一些无关紧要的实线、跟着其他车冲红灯（如果有其他车冲的话），是一个能让人安心的智驾，下一版本加上中国交规后，几乎完美。国产智驾，从我自己的驾驶感受和评测看，首先最大问题是过于依赖激光雷达，只要雷达认为安全就放飞自我，这导致的显著缺陷是出丁字路口不减速，很容易被突然出现的来车拦腰撞；条条框框太多，开得很犹豫；完成度不高，很多特殊场景无法识别。基本上只敢在高快用，慢速路段必须全神贯注盯着才敢用。,,,,,9,32,47,2025-03-13 09:46,求真求实的Android,,,,广东,普通用户
5143793402646105,Pingwb6n7,2868676035,财联社APP,#特斯拉与百度合作#财联社3月13日电，特斯拉与百度合作，以改进辅助驾驶系统在中国的表现。(路透),,,,特斯拉与百度合作,259,230,1065,2025-03-13 17:49,微博网页版,https://wx4.sinaimg.cn/large/aafc85c3gy1hzfhn5fx6gj20ku0rajzf.jpg,,,,普通用户
5143869173013605,PipeJcDYx,2062985282,大懒货,第二家主机厂自研基于大语言模型的VLM可变车道选道搞定！恭喜！#懒博小课堂##自动驾驶##大v聊车#,,,,"懒博小课堂,自动驾驶,大v聊车",0,21,33,2025-03-13 22:50,微博网页版,https://wx1.sinaimg.cn/large/7af6a842ly1hzfsn4jkcnj20d1054jro.jpg,,,浙江,红V
5143730126588670,PilCsrE0S,2189485651,王诗奇Mr兔,#智界汽车回应苏州智界S7交通事故#总结一下，开了智驾，过弯时踩油门，然后踩刹车退出智驾，撞了……那脚油门有必要踩么……,,,,智界汽车回应苏州智界S7交通事故,3,19,85,2025-03-13 13:38,,"https://wx2.sinaimg.cn/large/8280e653ly1hzfabtt735j20u01uo7dy.jpg,https://wx4.sinaimg.cn/large/8280e653ly1hzfabujbsoj20qo1mcgs1.jpg,https://wx4.sinaimg.cn/large/8280e653ly1hzfabv5z9ij20qo1bfagk.jpg",,,宁夏,金V
5143827376245894,Pio9jqcQe,7405670387,车圈趣事,地平线HSD率先攻克掉头难题#地平线##特斯拉fsd#L车圈趣事的微博视频,,,,"地平线,特斯拉 fsd",156,160,233,2025-03-13 20:04,微博视频号,,"http://f.video.weibocdn.com/u0/XKOho84agx08mEd9KtUI01041200uJVt0E010.mp4?label=mp4_720p&template=1280x720.25.0&ori=0&ps=1BVp4ysnknHVZu&Expires=1742724281&ssig=2LeFWVC0WT&KID=unistore,video",,安徽,普通用户
5143798539621606,PinoNEn1c,5734325998,差评君,#传特斯拉与百度合作#财联社援引路透，据两名知情人士透露，特斯拉正与中国科技巨头百度合作，以改善其先进驾驶辅助系统(ADAS)在中国的表现。特斯拉此前的一次升级招致了一些客户的批评。他们表示，百度最近几周从地图团队中派出了一组工程师到特斯拉在北京的办公室工作，以更好地将百度的导航地图信息与特斯拉的完全自动驾驶(FSD)V13版软件整合在一起。消息人士没有透露有多少工程师被派往特斯拉，也没有透露他们是否仍在特斯拉工作。他们说，双方合作目的是借助更准确和更新的地图信息，提高FSDV13版对中国道路的了解。看起来就是导航地图相关，百度股价已经在涨了。,,,,传特斯拉与百度合作,5,30,152,2025-03-13 18:10,微博网页版,https://wx3.sinaimg.cn/large/006g4E90ly1hzfi7p9bfnj30ic0acdkb.jpg,,,浙江,金V
5143661562037669,PijPS8y5D,1905549057,扬韬,官方的权威回应：小鹏L3会远超特斯拉FSDV13。小鹏智驾，国内一定是第一梯队。中国车企的底气。#全新小鹏G6和G9今日上市#,,,,全新小鹏G6和G9今日上市,7,14,84,2025-03-13 09:05,微博网页版,https://wx2.sinaimg.cn/large/71945f01gy1hzf2fwhhl6j20zj1jtwji.jpg,,,上海,金V
5143757520637339,PimkE2FNF,5751181769,互联网料哥,这俩车绝对是顶流了，就问大家，问界M8和小米Yu7，前者智驾天花板，后者堆料天花板，你到底选哪个？汽车超话这俩你选哪个？,,,,,13,123,2908,2025-03-13 15:27,汽车超话,,,,福建,金V
5143769788449170,PimEqzs0W,3810601439,Hello海洲,#国产AI诸神之战#国内AI领域群雄逐鹿，各路大神纷纷亮剑，一场智慧与技术的巅峰对决正在上演！从语言处理到图像识别，从智能推荐到自动驾驶，国产AI正以惊人的速度崛起，展现着无与伦比的创新力与实力！谁将在这场诸神之战中脱颖而出，成为智能领域的佼佼者？让我们共同期待，见证国产AI的辉煌时刻！#夸克AI#,,,,"国产AI诸神之战,夸克AI",170,181,184,2025-03-13 16:15,暴富iPhone客户端,https://wx3.sinaimg.cn/large/e32129dfly1hzf6l6hsj6j20tz0ewgq3.jpg,,,河北,金V
5143800830230821,Pinsv0Y2V,1642634100,新浪科技,#特斯拉否认与百度合作FSD##特斯拉回应与百度合作FSD#【#曝特斯拉与百度合作FSD#】据外媒报道，知情人士透露，特斯拉正在与百度合作，以提升其在中国市场的高级驾驶辅助系统（ADAS）的性能。针对此事，截止发稿前，特斯拉和百度方面暂无回应。今年2月，特斯拉中国宣布，推出城市道路Autopilot自动辅助驾驶功能，此举被外界视为FSD功能正式进入中国市场。不过不少汽车博主在测试特斯拉中国的智驾功能后认为，存在一定的水土不服。百度集团美股盘前涨超4%。（新浪科技）,,,,"特斯拉否认与百度合作FSD,特斯拉回应与百度合作FSD,曝特斯拉与百度合作FSD",6,18,98,2025-03-13 18:19,微博网页版,"https://wx2.sinaimg.cn/large/001Nakaoly1hzfih0y80uj60j60asmyy02.jpg,https://wx4.sinaimg.cn/large/001Nakaoly1hzfih44skcj611f0l1ad702.jpg",,,,普通用户
5143752092680745,PimbTbfnP,5108060720,谢小斌,#夸克AI像哆啦A梦口袋#夸克AI，如同哆啦A梦的神奇口袋，内藏无尽惊喜。#夸克AI#在日常生活和工作中，夸克AI的应用场景丰富多样。无论是智能问答、图像识别，还是语音交互、自然语言处理，夸克都能轻松应对。我自己在使用过程中也深感其便捷与实用。夸克AI的应用场景丰富多样。无论是智能家居、智能医疗还是自动驾驶等领域，夸克AI都能发挥其独特的优势。例如，在处理复杂的数学问题时，夸克能迅速给出答案；在识别图像时，其高精度的算法让我惊叹。夸克AI像哆啦A梦的口袋一样，拥有无穷无尽的惊喜。它不仅为我们带来了全新的智能体验，也展现了AI技术在日常生活中的应用潜力。随着技术的不断进步，我们期待夸克在未来能为我们带来更多的惊喜与突破。这就像拥有了哆啦A梦的神奇口袋，随时随地都能解决我们的问题。,,,,"夸克AI像哆啦A梦口袋,夸克AI",109,151,511,2025-03-13 15:05,微博网页版,"https://wx1.sinaimg.cn/large/005zGTW8gy1hzfbnhwf2qj30zu1bsq5r.jpg,https://wx4.sinaimg.cn/large/005zGTW8gy1hzfbni84upj30zu1bswk3.jpg,https://wx3.sinaimg.cn/large/005zGTW8gy1hzfbnilh08j30cp09i0uf.jpg,https://wx1.sinaimg.cn/large/005zGTW8gy1hzfbniwnvej30zu1n1gr8.jpg,https://wx1.sinaimg.cn/large/005zGTW8gy1hzfbnjbn4uj30zu1gite7.jpg,https://wx2.sinaimg.cn/large/005zGTW8gy1hzfbnhfy7zj30zu1f5n4p.jpg,https://wx4.sinaimg.cn/large/005zGTW8gy1hzfbnjpj9dj30zu1p87a2.jpg,https://wx2.sinaimg.cn/large/005zGTW8gy1hzfbnk25ogj30zu1c2110.jpg,https://wx4.sinaimg.cn/large/005zGTW8gy1hzfbnkva9yj30zuatrx6p.jpg",,,浙江,金V
5143721981771853,Pilpk7qWh,1914269937,一图复盘尚,消息人士称，美国商务部要求一些台W公司提交Z国终端客户数据，用于某些类型的ABF基板。ABF基板是高性能计算芯片封装的核心载体，主要应用于：CPU/GPU：如英特尔、AMD处理器613；AI芯片与服务器：支持云计算、数据中心的高算力需求39；通信设备：5G基站、网络路由器等1012；自动驾驶与消费电子：车载芯片、游戏主机等513。四、产业链与市场现状上游垄断：ABF膜95%市场份额由味之素独占，国内企业（如华正新材、宏昌电子）正加速研发替代产品139。全球产能集中：主要厂商包括中国台湾欣兴电子、日本揖斐电等，前八大厂商占全球85%份额58。供需失衡：因AI、5G需求激增，ABF基板产能持续紧张，预计2028年市场规模达65亿美元812。五、国内发展技术突破：深南电路、兴森科技等已具备14层以下FC-BGA基板量产能力，并规划更高层数产品16。替代空间：国内ABF膜产能规划（如珠海宏昌年产300万平方米）有望2-3年内实现进口替代19。,,,,,7,5,56,2025-03-13 13:05,微博网页版,,,,湖南,红V
5143780664541487,PimVYj3rN,2611769965,系莽莽阿,咨询者在办公室哭了，哭的昏天地暗。是这样的，她不是刚刚研究生毕业，考上了三甲，现在做医生了嘛。她是扬州独生女，父母答应她，毕业买个车给她，现在她在合肥上班了，那父母就应该兑现。之前她考研成功，是要了苹果全家桶，现在长大了，想要一辆车。她不清楚家里多少钱，就看的是18万的车，父母说不如买个30万的吧，看30万的。看了看之后，堂哥的意思是她考上医生，家里也开心，老姑奶奶出五万给她买车。大家一起热闹热闹，告诉我咨询者，以后我咨询者结婚，老姑奶奶那边还有八万，再存存，争取给她十万压箱子的钱。堂哥和嫂子有认识朋友，就给她选了问界M9，50万。父母也开心啊，因为我咨询者不是医生吗？如果有个自动驾驶，那更好了。OK！车子买了，大家都很开心嘛。堂哥还送她一个华为手表！调笑说：以后我们家囡囡开帕拉梅拉！！！下一辆一定是帕拉梅拉！咨询者：我要保时捷！堂嫂噗呲一下笑出来，说：“帕拉梅拉就是保时捷的！”。她开车从扬州去合肥，在后视镜，看到爸爸和妈妈满脸的笑容。莽莽知道，爸爸妈妈是自豪！是觉得“哇塞，我也是长本事了，我给我女儿买的车，可是50万的！我女儿不需要再吃我们的苦了，上下班可以抵御寒风！”就是这种江浙沪父母的心吧，自己苦了一辈子，女儿能享福，那自己当年的苦就都值得了。办公室有一个大姐，合肥本地人，下嫁给了广西男，现在广西男住这个大姐家里，因为没钱买房嘛。所以都是大姐和父母出钱出力，公婆是靠不上的，公婆给二儿子带娃呢。OK，她得知之后，特别八婆！和我咨询者说：你买50万的车也太爱慕虚荣了吧，你是不是想说买个好车，男人就高看你一眼，可以嫁的更好？我告诉你，按照我的经历，只会吸引很差劲的男人！想占你便宜！大姐开的6万块钱的二手大众！另一个医院的保洁就帮腔说：你开这么好的车，那人家男的车没你好，你岂不是看不上人家了？瞧不起人家了？你给人家男生很压力啊！保洁有儿子，做外卖小哥，开电瓶车，没汽车。再有，一个小镇做题家起来的领导说：现在二三十万的车，已经非常好非常好了，你只是一个普通工薪，以后养车的成本很高，你这个纯粹智商税。领导开了一个17万的国产车！最后，经常和她一起玩的老同学，说：你买这么贵的车，只能证明你是爱慕虚荣的，我想说，如果你买这样的车来装门面，那代表着你吸引来的男生，也是这种喜欢表面光的。护士小姐姐，找了一个已经9个月没发工资的工程男，可能未来生育都要在宿舍了。咨询者就很难受，和妈妈说了，话赶话，妈妈就说舅妈打电话来吐槽了，说都没在合肥买房子，先买一个50万的车，就不是过日子的人，骂我不会做妈妈，应该先买房给你！妈妈早晚也给你买房，我们有钱！！！爸妈还有5400000在手里！我咨询者就和妈妈一起难受！一起哭！但咨询者还是收到了很多善意，有同事送了她鲜花，有富二代男同事说她很会选，这个车是他梦中情车，还有小领导说：哇塞囡囡是个白富美啊！也有小护士和她说：囡医生，我的眼睛都亮了！姑娘们，这个事情的本质是什么？我告诉大家哈，大家看着说的好像冠冕堂皇的，是不是？大家细细读读看，是不是写着“厌女”两个字？是不是？如果是一个男人，买了50万的车，还是问界，大家猜猜看，这些人都会怎么说？你一个女人，说白了，赔钱货，你配得上50万的车吗？你凭什么开50万的车？莽莽也有一个小疑问哈，大家听听看~~人家父母省吃俭用一辈子，勤俭持家，对吧？攒了一辈子的钱，要花在刀刃上。现在人家的闺女，要结婚了，结婚是不是刀刃？而且是这么出息的闺女，人家是靠自己本事，没有任何熟人的情况下，考上的合肥三甲啊，省会三甲啊！就如果说闺女买车这个都不算刀刃，那到底省了一辈子的钱，话在什么地方？人家咨询者父母不是说铺张浪费，我咨询者也不是虚荣的捞女，人家就是父母活到50岁，爸爸之前都是开便宜的本田，现在女儿25岁了，又是争气的女儿，买一辆车！59万！到底是怎么了？桥豆麻袋，大家屏住呼吸，OK，现在深呼吸，有没有问到一股子酸味？莽莽闻到了，你们呢？其实每次遇到这样的问题，大家都懂的，就是本质还是女人不配更好的，更奢华的生活，就是很多人，她自己可能都没意识到，她在厌女。这种潜移默化的，就是女性生存最残酷的地方。,,,,,66,288,1789,2025-03-13 16:59,微博网页版,,,,广东,红V
5143769592104194,PimE78PoC,1647486362,忠贞不渝艾吉奥,#国产AI诸神之战##夸克AI#嘿，小伙伴们，今儿咱们得聊聊一场超燃、超有看头的“大战”——国产AI的诸神之战！这可不是什么科幻电影里的桥段，而是真真切切在我们身边上演的科技盛宴。你瞅瞅，现在这年头，AI技术那是突飞猛进，国产AI更是如雨后春笋般冒出来，各个都声称自己是行业里的“扛把子”。这不，为了争夺市场这块大蛋糕，它们可算是豁出去了，上演了一场场精彩绝伦的“诸神之战”。先说说这第一个“大神”，它可是智能语音领域的佼佼者，声音温柔得能腻死人，识别率也高得吓人。你随便哼句小曲儿，它都能给你准确无误地转换成文字，厉害吧？但这可不是它的全部本事，人家还能陪你聊天解闷，讲故事、说笑话，简直是居家旅行必备之良品。再来说说第二位“战神”，它在图像处理上那是一绝。你给它一张模糊得不成样子的照片，它眨眨眼就能给你还原出高清大片的效果。更神奇的是，它还能根据照片里的场景，给你推荐最合适的穿搭、美食，简直是时尚达人的私人助理。当然啦，这场“诸神之战”里怎么可能少了自动驾驶的“大佬”呢？这位可是高科技界的明星，不仅能在复杂的路况中游刃有余，还能提前预判行人的动向，保证你的出行安全。坐上它的车，你就算是个新手司机，也能瞬间变身“老司机”。不过话说回来，虽然这些国产AI个个身怀绝技，但它们之间也不是没有竞争。为了抢占市场份额，它们可是使出了浑身解数，不断创新、升级，力求给用户带来更好的体验。这不，最近就又有一波新技术、新功能横空出世，让我们这些吃瓜群众看得是眼花缭乱、目不暇接。总的来说呢，这场“国产AI诸神之战”不仅让我们看到了科技的无限可能，也让我们感受到了国产AI的崛起之势。相信在未来的日子里，这些“大神”们还会给我们带来更多的惊喜和改变。咱们就拭目以待吧！,,,,"国产AI诸神之战,夸克AI",88,90,100,2025-03-13 16:15,,,,,福建,金V
5143669994161300,Pik3thsxK,2139949234,飞扬军事铁背心,SCMP：研究人员称，中国红眼AI扼杀了人类飞行员在空战中获胜的最后希望——中国研究人员声称，在一项重塑空战未来的突破中，已经消除了人类在空中格斗中相对于AI的最后战术优势：通过不可预测的高强度空中杂技超越算法的能力。去年年底发表的一项研究详细介绍了该方法，该方法将先进的红外成像与AI驱动的预测模型相结合，通过检测细微的翼面运动来预测对手的动作。西北机电工程研究所的科学家团队表示，这一进展可能会让即使是最敏捷的战斗机（如F-15）也几乎失去防御能力。西北机电工程研究所是中国最大的武器供应商北方工业公司的一个重要研究机构。这项研究发表在《火炮发射与控制学报》12月刊上，它解决了现有AI空战系统的一个关键缺陷：依赖于基于轨迹的预测，而这种预测很难解释人类飞行员执行的突然、非线性动作。由高级工程师LinZhiWei领导的中国团队通过关注敌机的物理力学，绕过了这一限制。该系统使用改进的YOLOv8神经网络分析红外图像，以检测对手控制面在飞行过程中的毫米级变形——例如F-15的1.5米方向舵或2米升降舵。这些实时观察结果被输入一个改进了注意力机制的长短期记忆（LSTM）网络，使人工智能能够在动作完全展开之前对其进行预测。在模拟中，该系统将瞄准误差降低到2米以下，比传统预测方法提高了十倍。当应用于自动防空系统时，这种精度可以让炮弹在必要时命中驾驶舱。Lin和他的同事在论文中写道：“人类飞行员依靠本能和不可预测性，但每个物理动作都有机械前兆。”“通过解码这些迹象——方向舵倾斜、升降舵移动——新模型解决了人类决策的‘黑匣子’。”该团队针对一些模仿真实战术的高难度飞行剖面测试了他们的AI。在一场模拟战斗中，一架F-15在低空投弹，然后急剧上升——这一动作需要精确协调控制面。在另一场战斗中，喷气式飞机快速、不稳定地急转和俯冲以躲避火力，其特点是控制面剧烈调整。据报道，在这两种情况下，AI在检测到控制面运动后几毫秒内就预测到了轨迹变化，没有给对手留下任何躲避的机会。这一突破是在全球人工智能空战军备竞赛中取得的。2020年，美国国防高级研究计划局的AlphaDogfight试验展示了AI在脚本模拟中的优势，去年，AI首次在测试中参加了现实世界的空中格斗。中国团队强调，他们的系统的作用是火控优化，而不是完全自主打击。不过，其原理与美国空军的“忠诚僚机”无人机等全球项目一致，后者将AI驱动的飞行器与有人驾驶战斗机配对使用。这项研究使用现有硬件验证了其方法，例如中国的PS800红外传感器，该传感器在8公里的距离上实现了所需的0.375毫弧度分辨率。然而，挑战依然存在。对手可以采用高功率激光等对抗措施来致盲甚至摧毁摄像头。飞扬军事超话#烽火问鼎计划##今日强鳖#,,,,"烽火问鼎计划,今日强鳖",214,114,481,2025-03-13 09:39,飞扬军事超话,"https://wx1.sinaimg.cn/large/7f8d08b2gy1hzf3g6ircmj20xc0m8gnc.jpg,https://wx4.sinaimg.cn/large/7f8d08b2gy1hzf3g6mz6tj21jj0jbaex.jpg",,,江苏,金V
5143843235956233,PioyToZuh,2283100957,天天座萝世,#智驾数码团##小鹏g9#新款G9你们该心动心动没问题，反正老车主已经被放血放麻了只是提醒各位冷静一下，比如我这个带激光雷达看上去比25款智驾配置更高的G9XOS5.5，天天吹的NGP智驾也不过如此，难得开出来一趟，光天化日之下城市快速路送我一份双闪幽灵刹车大礼包，想让我彻底没车用麻烦直说哈；自动泊车更不用说了，严重退步，里侧有墙角的车位大概率停不进去，以前4.x版本都没这个臭毛病现在的G9，高速NOA明确不如SU7Max，自动泊车明确不如SU7Max，我为这两个判断负责L天天座萝世的微博视频,,,,"智驾数码团,小鹏g9",0,19,28,2025-03-13 21:07,iPhone 15 Pro Max(蓝色钛金属),,"http://f.video.weibocdn.com/u0/P7drgvLwgx08mEheUoGc01041202XV370E020.mp4?label=mp4_720p&template=1280x720.25.0&ori=0&ps=1BVp4ysnknHVZu&Expires=1742724692&ssig=mQCs9g%2Fn4k&KID=unistore,video",,广东,红V
5143753291989585,PimdP8lA5,6015780282,谢宗桓,#智界汽车回应网传S7智驾失控##智界汽车回应S7智驾失控#,,,,"智界汽车回应网传S7智驾失控,智界汽车回应S7智驾失控",1,36,39,2025-03-13 15:10,vivo X100 Ultra,,"http://f.video.weibocdn.com/u0/heh0y191gx08mDSWkomk010412007ALe0E010.mp4?label=mp4_720p&template=720x1280.24.0&ori=0&ps=1BVp4ysnknHVZu&Expires=1742724692&ssig=0QfhZ%2FFliU&KID=unistore,video",,广东,金V
5143868253143101,PipdfdbFb,6042507679,麻辣车评官方微博,【特斯拉FSD至少领先一代？#马斯克转发中国用户使用特斯拉FSD体验#】3月13日，马斯克@ElonMusk在推特转发了一条关于中国用户在社交媒体上发布的使用特斯拉FSD后的体验，据该用户描述，特斯拉FSD与华为ADS小鹏蔚来理想等一众国产车企自动驾驶能力的对比，结论非常简单:特斯拉至少领先一代，与国产那样充满条条框框的非学习型智驾差距巨大。FSD开得就像有血有肉的人，有路就能开。L麻辣车评官方微博的微博视频,,,ElonMusk,马斯克转发中国用户使用特斯拉FSD体验,7,5,14,2025-03-13 22:47,微博视频号,,"http://f.video.weibocdn.com/o0/J6BP6mBalx08mEojoeyI010412005O4s0E010.mp4?label=mp4_720p&template=720x1280.24.0&ori=0&ps=1BVp4ysnknHVZu&Expires=1742724692&ssig=HpMTpP%2BVQd&KID=unistore,video",,,蓝V
5143669684048188,Pik2YgZ7m,2002620041,小志Speedlife,宝马发布全新一代智能电子电气架构，该架构是全球首个覆盖全动力系统和全细分车型的架构，该架构更智能、更强大、更高效。全新电子电气架构支持AI用户体验和场景，相较于现款车型集成算力提升逾20倍。4台高性能计算机即“超级大脑”负责整合4大核心用户功能：车载娱乐系统、自动驾驶系统、驾驶动态控制系统，以及车辆进入、空调与舒适体验等基础功能。#大v聊车##汽车资讯##新车情报局#,,,,"大v聊车,汽车资讯,新车情报局",7,18,43,2025-03-13 09:38,,"https://wx4.sinaimg.cn/large/775d8e89ly1hzf39zoj3yj213v0mf7jr.jpg,https://wx1.sinaimg.cn/large/775d8e89ly1hzf3a05h4vj21kc0vpk76.jpg,https://wx3.sinaimg.cn/large/775d8e89ly1hzf3a0ui1rj22bc1aw1kx.jpg,https://wx3.sinaimg.cn/large/775d8e89ly1hzf3a1cmuqj21ws19uk7u.jpg",,,吉林,红V
5143822657654811,Pio1Hw7mH,2131105540,水水兄同学,第一个端到端落地，第一个车位到车位#水哥有话说#,,,,水哥有话说,0,3,24,2025-03-13 19:45,Android客户端,https://wx2.sinaimg.cn/large/7f061704gy1hzfkzgguxyj235s2dce82.jpg,,,广东,红V
5143720438531137,PilmPzNkZ,1847582585,都市快报,#小米SU7高速智驾时车速骤降被追尾##部分车主反应小米智驾有问题#近日，有多位杭州小米SU7车主向橙柿互动反映他们在用车过程中出现的问题。杭州的小米SU7车主蒋先生今年年初二在高速上启用高速领航辅助功能（即高速NOA，也就是高速智驾功能）时，车速突然在不到5秒的时间内从94公里/小时急降速到33公里/小时，导致车辆被后车追尾。蒋先生称前方道路上并没有障碍物，他本人也没有踩过刹车。发生事故后蒋先生有些后怕，打算把这台车卖掉。小米SU7pro的车主叶先生则是于2月份在滨江区的一个公共充电站倒车时，车辆后尾部碰到了停车场的围栏，叶先生称倒车雷达并没有给出警示。小米工作人员检测后称后台数据显示，车辆雷达在事发前一秒钟响过一次。“别说我没有听到，就是听到了，事发前一秒才给出警示，有什么实际意义？”另一位小米汽车车主兰女士是在杭州城北万象城地下车库右转弯时，车辆与墙体发生刮擦，导致车辆右后门受损，期间小米SU7的自动识别障碍物功能没有发出警示。事后小米汽车服务中心和客服热线回复称：自动识别障碍物功能只是辅助功能，车辆驾驶员才是第一责任人，因此事故责任应由兰女士自己承担。#315骗假不留#O网页链接O高速NOA时急减速被追尾、倒车时雷达失灵…小米SU7被多位车主吐槽,,,,"小米SU7高速智驾时车速骤降被追尾,部分车主反应小米智驾有问题,315骗假不留",2,6,14,2025-03-13 12:59,微博 weibo.com,,,,,普通用户
5143828408306079,PioaYyQN1,5654423063,劝退频道,雷军，何小鹏这二位是为数不多敢于尝试竞争对手产品的CEO去年大师兄去美国体验了一下特斯拉FSD，并且流露出了很多赞许FSD的言论然后回国继续提升XNGP上限，在第2年在国内主场成功战胜了同样是纯视觉的FSDV13最重要的一点：它是免费的....都说免费的是最贵的，但在小鹏汽车上这句话是不成立的#全新小鹏G6从未见过如此换代##小鹏G6价格#,,,,"全新小鹏G6从未见过如此换代,小鹏G6价格",21,53,97,2025-03-13 20:08,,"https://wx2.sinaimg.cn/large/006aFnJZgy1hzflklb6y2j30qo17813t.jpg,https://wx4.sinaimg.cn/large/006aFnJZgy1hzflkh8le8j32c0340npe.jpg,https://wx3.sinaimg.cn/large/006aFnJZgy1hzflkjogrdj33402c0x6p.jpg",,,广东,金V
5143861170540738,Pip1P2gFA,1665347254,MJ车谈缪俊,#智能驾趣宝马新世代#新势力和自主品牌现在卷翻天，实际上有实力的老牌豪华品牌也在暗暗憋大招。今天，宝马就在慕尼黑发布了全新一代智能电子电气架构，让人对它的新世代车型又多了一份期待。目前来说，这个架构是全球第一个做到可以覆盖全动力系统和全细分车型的，也就是说不分“油电”，不分车型，都可以应用这个架构。具体来说，新架构集成算力提升20倍，可支持AI用户体验和场景，而4个“超级大脑”各司其职。首创的BMW全景iDrive超级大脑，带来超棒的智舱体验；驾控超级大脑融合动力与驾驶功能，响应超快；自动驾驶超级大脑提升了算力，重点是将此前分散在四个控制单元的功能整合至单一高性能计算单元；车辆控制超级大脑则管理基础功能，包括车辆进入、空调与舒适系统、内外照明、数据流处理及远程软件升级。而且，全新线束系统更轻，数据传输更快。简而言之，无论驾控，还是智能，新世代宝马车型会有质的飞跃。那么，实际表现会如何？年底问世的新世代X车型估计会给出答案，大家可以期待一下。,,,,智能驾趣宝马新世代,2,8,26,2025-03-13 22:18,,"https://wx3.sinaimg.cn/large/63432eb6ly1hzfpd2k9g9j21kc0vpncu.jpg,https://wx4.sinaimg.cn/large/63432eb6ly1hzfpd3nirnj22bc1awaxi.jpg,https://wx2.sinaimg.cn/large/63432eb6ly1hzfpd0nhc9j213v0mftn2.jpg,https://wx4.sinaimg.cn/large/63432eb6ly1hzfpd5ofepj21ws19uk8b.jpg",,,安徽,红V
5143700426981406,PikQytibk,1660213530,卡赞,#智能驾趣宝马新世代#集成算力提升20倍，AI体验与场景支持更强大，高速数据传输让车辆拥有数字化神经系统，响应速度飞速提升。4台高性能计算机“超级大脑”各司其职，车载娱乐、自动驾驶、驾驶动态控制及车辆基础功能全面优化，带来前所未有的智能驾趣。线束系统轻量化，减少600米线束长度，车辆更轻、更高效。新世代车型将搭载此架构，宝马以技术开放性引领行业，让每一次出行都充满智能与乐趣@宝马集团,,,宝马集团,智能驾趣宝马新世代,17,19,32,2025-03-13 11:40,微博网页版,"https://wx1.sinaimg.cn/large/62f4d91aly1hzf6v0c613j213v0mf4cw.jpg,https://wx4.sinaimg.cn/large/62f4d91aly1hzf6v2oypkj21kc0vpk77.jpg,https://wx3.sinaimg.cn/large/62f4d91aly1hzf6v5v3rjj22bc1aw4m8.jpg",,,北京,金V
5143713354878163,Pilbpkt23,7812817502,即刻视驾FlatOut,#智界汽车回应苏州智界S7交通事故#“”经用户授权，后台数据初步分析如下：导航规划前方路口右转，临近路口时电门处于持续下踩状态，导致系统无法提前减速。右转前，受刹车踏板影响退出智驾，驾驶员接管后，人驾状态下车辆因入弯速度过快（62km/h）导致发生碰撞事故。”首先后台数据是经过授权，另外就是从车内画面来看，还真不像智驾失控,,,,智界汽车回应苏州智界S7交通事故,5,22,38,2025-03-13 12:31,iPhone 12 Pro Max,,,,广东,红V
5143694831257979,PikHx5hfZ,1933238867,科技调查君,宝马发布全新一代智能电子电气架构，该架构是全球首个覆盖全动力系统和全细分车型的架构，该架构更智能、更强大、更高效。全新电子电气架构支持AI用户体验和场景，相较于现款车型集成算力提升逾20倍。4台高性能计算机即“超级大脑”负责整合4大核心用户功能：车载娱乐系统、自动驾驶系统、驾驶动态控制系统，以及车辆进入、空调与舒适体验等基础功能。#智能驾趣宝马新世代#,,,,智能驾趣宝马新世代,32,45,53,2025-03-13 11:17,,"https://wx3.sinaimg.cn/large/733ae253gy1hzf6as8gw9j213v0mf4cx.jpg,https://wx4.sinaimg.cn/large/733ae253gy1hzf6asxmtfj22bc1awe3n.jpg,https://wx3.sinaimg.cn/large/733ae253gy1hzf6atf6skj20u01407gr.jpg,https://wx1.sinaimg.cn/large/733ae253gy1hzf6atxjabj20u0140gwd.jpg",,,广东,金V
5143742806756479,PilWUslFt,3097378697,ZEALER,【宝马发布新一代智能电子电气架构：四大“超级大脑”重构智能出行】#智能驾趣宝马新世代#3月13日，宝马集团正式发布全新一代智能电子电气架构，标志着其在软件定义汽车时代迈出关键一步。该架构以四大“超级大脑”为核心，覆盖全动力系统与所有细分车型，集成算力较现款车型提升20倍，并首次实现硬件开发与软件迭代的双轨并行模式。（四大“超级大脑”即集成车载娱乐、自动驾驶、驾驶动态控制及基础功能管理四大模块，算力较现款车型提升20倍，覆盖全动力系统及所有细分车型。）全新一代电子电气架构另一大亮点是全新线束系统和高速数据传输，全新线束系统基于区域架构理念，较前代减少600米线束长度，实现30%轻量化突破。高速数据传输技术支持双向通信，提升响应速度与稳定性。新世代车型搭载超5亿行代码（约绕赤道4圈），依托生成式AI工具开发，支持7.5万个虚拟CPU并行运算，单日可完成20万次软件构建。软件架构通过“共享服务层”实现安全防护与灵活OTA升级。“技术开放性是宝马成功的关键，自首款新世代车型问世起，我们将把强大的‘超级大脑’与全新电子电气架构和软件平台全面引入未来全系车型，覆盖所有细分市场与动力类型。全新智能电子电气架构实现了车辆开发与软件开发的双轨并行，宝马车型可以随时保持数字体验的前沿性和技术的迭代更新。”宝马集团负责研发的董事韦博凡表示。他指出，该架构将全面覆盖未来全系车型，为智能化、电动化竞争奠定基础。面对台积电、英特尔等对手的制程竞赛，宝马通过2nm工艺（SF2）预研与电驱技术突破强化垂直整合能力，降低对第三方芯片的依赖。,,,,智能驾趣宝马新世代,3,7,21,2025-03-13 14:28,,"https://wx1.sinaimg.cn/large/003nChGVgy1hzfbt80honj613v0mf7ir02.jpg,https://wx3.sinaimg.cn/large/003nChGVgy1hzfbt8omgoj61kc0vpndd02.jpg,https://wx1.sinaimg.cn/large/003nChGVgy1hzfbt99zxwj6280190wm102.jpg",,,,蓝V
5143834804882688,Piolikud2,2534574910,菠菠Boom,#全新小鹏G9全系标配百万级豪华配置#全新小鹏G9全系都标配了图灵AI智驾，并且不需要选装，不需要订阅，不需要付费！！交付即享全国都能开、全国都好开的城市NGP！同时它还全系标配了同级最强5C超充AI电池！长续航版本，超低能耗13.9kWh/100km，超长续航能耗14.5kWh/100km，四驱版本的能耗也只有15.6kWh/100km！（小鹏的能耗，大家dddd，稳的一匹）,,,,全新小鹏G9全系标配百万级豪华配置,4,18,39,2025-03-13 20:34,,"https://wx4.sinaimg.cn/large/97128b3egy1hzfmb0p93mj24132oq1kz.jpg,https://wx3.sinaimg.cn/large/97128b3egy1hzfmb22u0dj24132oqhdu.jpg,https://wx3.sinaimg.cn/large/97128b3egy1hzfmb36cnuj24132oqe81.jpg",,,,红V
5143676674113579,Pikefhg83,6001317383,战营,#疑似享界S9增程新大灯测试曝光#终于来了，朋友圈前几天就刷到了，夜间自动铺8米光毯，连人行道都给打标线，这哪是车灯啊根本是夜行神器，颜值在线同时把行政轿跑的配置拉满#享界S9增程版实车首测曝光#增程版续航据说说1000km起，流线型车身、隐藏式门把手、华为ADS3.0高阶智能驾驶，尊界S800百万豪车同款黑科技下放，后排零重力座椅+投影幕布，估计BBA的市场要再次震荡,,,,"疑似享界S9增程新大灯测试曝光,享界S9增程版实车首测曝光",32,39,112,2025-03-13 10:05,,"https://wx3.sinaimg.cn/large/006y8UNFgy1hzf47phm0oj30wo1ejn6t.jpg,https://wx4.sinaimg.cn/large/006y8UNFgy1hzf47vibomj30wr17ck11.jpg,https://wx4.sinaimg.cn/large/006y8UNFgy1hzf47md0wqj30wr1z0qv5.jpg",,,浙江,金V
5143771983120499,PimHYd5MD,2803068254,滑雪大灰,本以为蔚来ET9的天行底盘会非常不错，结果得知那是一个在有条件下使用的演示模式我擦那您当初花怎么多资源去宣传投放这个视频效果，有必要吗？如果有朋友想试试还得特定才能演示一下呗…@杰瑞老实,,,杰瑞老实,,1,7,11,2025-03-13 16:24,iPhone 14 Pro,,,,福建,普通用户
5143634115821821,Pij7Boqwl,1686546714,环球网,#中国引领全球2月电动汽车销量增长#【2月电动汽车销量，中国引领全球增长】路透社12日援引国际汽车研究机构RhoMotion的最新数据报道称，尽管面临欧盟加征关税等国际贸易壁垒，中国电动汽车市场在2月以76%的同比增长引领全球电动汽车消费热潮。这一态势与香港资本市场上中国电动汽车板块的集体跳涨形成呼应。RhoMotion12日发布的行业报告显示，包含纯电动与插电式混动车型的全球新能源汽车市场在2月实现49%的同比增长，总销量达120万辆。中国市场的强劲表现成为主要驱动力，2月销售额同比增长76%，2025年前两个月同比增幅达35%。报告称，这一数字受到中国春节假期的影响。中国汽车流通协会乘用车市场信息联席会日前发布的数据预计，3月汽车销量将保持强劲，由于地方政府出台多项促消费政策，消费者信心可能会进一步提升。当下全球电动汽车市场正呈现分化态势。路透社报道称，欧洲电动汽车2月销量同比增长19%，这是自欧盟二氧化碳排放标准生效以来连续第二个月实现两位数增长，其中德国在2025年前两个月增长40%。2月北美电动汽车销量较上年同期增长17%，但受美国政府新能源政策不确定的影响，一些机构已开始下调美国全年电动汽车销售预期。欧盟对中国电动汽车加征反补贴税的影响显现。路透社援引RhoMotion数据经理查尔斯·莱斯特的分析表示，隶属于中国上汽集团的名爵汽车销量在欧洲大幅下滑。与此同时，本田在华生产的电动车型出口受到欧盟关税政策的影响，梅赛德斯—奔驰、特斯拉、雷诺也在波及范围中。他同时表示，尽管受到关税影响，比亚迪在欧洲市场仍取得进展，全球市场份额也在不断增加。《华尔街日报》关注到，11日港股午盘，蔚来、小鹏等中国新能源车企股价涨幅明显。此前一天，特斯拉股价下跌15%，创下2020年以来最大单日跌幅。报道称，背后原因除近期销售数据不及预期外，市场对马斯克在美国政府中扮演的角色存在担忧情绪。另据法国国际广播电台报道，根据中方数据，特斯拉在华2月出货量同比大跌49%。英国《国际财经时报》分析认为，特斯拉对其自动驾驶功能的高昂定价现在面临中国对手的强大压力，中国车企正在挑战特斯拉在电动汽车领域的技术主导地位。（环球时报记者王冬）,,,,中国引领全球2月电动汽车销量增长,2,0,13,2025-03-13 07:16,,https://wx1.sinaimg.cn/large/001Q8zQmly1hzezbwww7ij60f90f90ts02.jpg,,,,普通用户
5143645338993992,PijpHBJKo,1642585887,新浪证券,#摩根大通称特斯拉再跌50%#【#华尔街轮番下调特斯拉目标价#摩根大通：股价不排除再跌50%】多家华尔街机构齐降特斯拉销量预期。周三，EvercoreISI将特斯拉目标价从270美元下调至235美元。该行分析师质疑特斯拉今年即将推出的“实惠车型”可能只是ModelY的降配版，而非全新产品线。同时，特斯拉最新版本的FSD自动驾驶技术表现不及预期，车主仍需高频干预。周三同日，摩根大通则指出，特斯拉Q1交付量或创近三年最差季度，并下调特斯拉目标价至120美元，为华尔街最低，较当前周三约股价250美元存在超50%下行空间。（华尔街见闻）,,,,"摩根大通称特斯拉再跌50%,华尔街轮番下调特斯拉目标价",8,4,5,2025-03-13 08:01,微博网页版,https://wx2.sinaimg.cn/large/001Na7CLly1hzf0max4kgj63kp2gye8302.jpg,,,,蓝V
5143752382875259,Pimcmc3Z9,2192828333,零重力瓦力,AI的发展依然在加速！我们人类正面临着一个既充满希望又令人担忧的未来。当前的AI技术主要停留在ANI（狭义人工智能）阶段，比如大语言模型、自动驾驶和推荐系统。但随着技术不断突破，AGI（通用人工智能）和ASI（超级人工智能）的出现似乎只是时间问题。在这个节点上，我们将如何保障AI不会像终结者中的天网那样，给人类带来灭顶之灾？IBM技术专家，向大家介绍了一项十分重要的概念：超级对齐（superalignment）。超级对齐本质上是要解决一个看似矛盾的难题：如何确保一个可能比人类更聪明的系统始终按照人类的价值观和意图行事？这个挑战比表面看起来要复杂得多。即便是现在的AI系统，其输出就已经难以预测和控制。如果未来出现了超越人类智能的ASI，即使最微小的错位都可能导致灾难性的后果。更令人忧虑的是，高级AI系统可能会产生有策略的欺骗行为。它们可能表面上遵循人类指令，实际上却在暗中积累资源以实现自己的目标。甚至现有的一些AI模型已经表现出了初级的对齐伪装倾向。此外，这些系统可能会发展出超出预期的自我保护机制，这些都可能构成对人类存在的威胁。面对这些挑战，研究人员提出了多种技术方案。目前广泛使用的RLHF（基于人类反馈的强化学习）可能不足以应对未来的超级智能系统。新提出的RLAF（基于AI反馈的强化学习）试图让AI系统参与到对齐过程中，但这种方法本身也存在风险。从弱到强的泛化方法和迭代放大等技术则试图通过将复杂问题分解为可管理的子任务来实现有效监督。或许，超级对齐问题不仅仅关乎技术层面，更深层次上，它还是对人类自身价值观和伦理准则的深入反思。尽管AGI和ASI尚未真正出现，但在AI研发的过程中，将这一问题纳入核心考量，无疑对确保AI的发展始终造福人类、而非对人类构成威胁至关重要。#IBM-AI课堂##AI技术##超级对齐##openai超级对齐团队解散##AI观察局##超级人工智能##通用人工智能#L零重力瓦力的微博视频,,,,"IBM-AI课堂,AI技术,超级对齐,openai超级对齐团队解散,AI观察局,超级人工智能,通用人工智能",20,9,28,2025-03-13 15:06,微博视频号,,"http://f.video.weibocdn.com/o0/U1le8O1Qlx08mDSGOKIU01041201Fwn40E010.mp4?label=mp4_720p&template=1280x720.25.0&ori=0&ps=1BVp4ysnknHVZu&Expires=1742725101&ssig=Wgway1FS6W&KID=unistore,video",,上海,红V
5143799592652942,Pinqvb89o,1642088277,财经网,【#百度集团美股盘前涨超4%#】据外媒报道，#特斯拉与百度合作#，以改善其在中国的辅助驾驶系统的性能。百度集团美股盘前涨超4%。（第一财经）,,,,"百度集团美股盘前涨超4%,特斯拉与百度合作",1,12,49,2025-03-13 18:14,,https://wx4.sinaimg.cn/large/001N82aNly1hzfibxm1snj60dw0dwt9s02.jpg,,,,蓝V
